Artist,Auction_opening_bid,auction_protected,Bloomies cost,Bloomies-sold,Category,circa,Country Of Origin,Featured Poster,Height,JPG,JPG_180_DPI,JPG_300_DPI,Manufaturer Date,Product ID,Product Name,Web Date Added,Web Keywords,Web Main Category,Web price,Web Relevance,Web Sub Category,Width
BOUCHER,,,950,,"TRAVEL
FRENCH
AVIATION
UNIQUE",,French/France,,25,1013.jpg,1013-180DPI.jpg,1013-300DPI.jpg,1951,1013,AIR FRANCE - BALEARES,8/9/18,"BLOSSOM
Sun Lovers
SUMMER FUN
GRAND TOUR
travel
spain
island
baleares
majorca
minorca 
ibiza
cherry blossom
","Travel
Transportation",1500,4,"Aviation
Spanish-Travel
French-Travel",39.5
LE MONNIER,400,400,500,,"FR
NCH
LIQUOR
MULTIPLE
GIFT-SHOW
GO-Ant
GING",,French/France,,47,34.jpg,34-180DPI.jpg,34-300DPI.jpg,1938,34,ARMAGNAC L'ARRESSINGLE,7/12/18,"FRENCH
PIPE
LIQUOR
ART DECO
SPIRITS
FRENCH
ARMAGNAC 
FOR-HIM
CANDLE",Liquor,950,3,"Spirits
Cognac
Beverages",63
BERNARD VILLEMOT,100,,150,,"FRENCH
FASHION
PRODUCTS
MULTIPLE
CATALOG ITEM
RFA 2
GIFT
RFA 4-03
GIFT-SHOW
GO-Ant
DAVID",,French/France,,16.5,67.jpg,67-180DPI.jpg,67-300DPI.jpg,1982,67,BALLY  BLONDE SMALL,8/30/18,"For Your Better Half
For the Stocking
FRENCH
PRODUCTS
WOMEN
FASHION
SHOES
SILHOUETTE
Valentines Day 2017
Mother
MODERN
for-her
BALLY
FRANCE
FRENCH
WOMAN
valentine
graduate",Products,350,5,Fashion,25.25
BOCCASILE,,,600,select bloomies,"FRENCH
FASHION
PRODUCTS
UNIQUE",,Italian/Italy,,39,69.jpg,69-180DPI.jpg,69-300DPI.jpg,1938,69,BANTAM CAPPELLO,8/30/18,"HAT
FASHION
MEN
BORSALINO
FATHER'S DAY
ITALIAN 
STYLE
MASCULINE
DECO
GIFTS FOR HIM
ART DECO
$5,000 & Under

Father's Day",Products,1500,3,Fashion,54.5
VSEVOLOD,,,600,,"FOOD
ITALIAN
UNIQUE",,Italian/Italy,,27,1020.jpg,1020-180DPI.jpg,1020-300DPI.jpg,1949,1020,BEL PAESE CHEESE MAP OF ITALY,8/10/18,"ITALY
BOOT
MAP
CHEESE
COOK
GASTRONOMY
September Additions
ITALIAN
KITCHEN
For the Holiday Host",Food,850,3,OtherFoods,39
RENE GRUAU,,,650,,GIFT-SHOW,c,Italian/Italy,,39,947.jpg,947-180DPI.jpg,947-300DPI.jpg,1980,947,BEMBERG MOTORCYCLES,8/30/18,"ITALIAN
MEN
FUN IN THE SUN
MOTORCYCLE
FABRIC
CYCLE
FATHER'S DAY
bike","Transportation
Products",950,5,"cycling
Bicycles/Motorcycles
Fashion",54
MAUZAN,2000,3700,3700,,"ITALIAN
FOOD
UNIQUE
GO-Ant
GIFT-SHOW
CELINE
CATALOG ITEM
SELECT. MICK",,Italian/Italy,Featured Poster,39.5,993.jpg,993-180DPI.jpg,993-300DPI.jpg,1930,993,BERTOZZI ,6/22/18,"Estate Collection
ITALIAN
MEN
FATHER'S DAY
cheese
parmigian
For the Collector
reggiano
FOOD
For-him
Hom
UNIQUE
ITALIAN
For the Collector",Food,4700,3,OtherFoods,55.5
BELLENGER,300,490,900,,"MU
TIPLE
LIQUOR
CATALOG ITEM
Liq
RFA 2
ART.COM
RFA 4-03
GO-Ant
MULTIPLE
OVERSIZE",,French/France,,51,87.jpg,87-180DPI.jpg,87-300DPI.jpg,1936,87,BOURIN QUINQUINA FULL,8/10/18,"MEN
LIVE AUCTION
FOOD
LIQUOR
OVERSIZE
GoAnt
For-him
GOANT
him
ART DECO
$5,000 & Under
GIFTS FOR HIM",Liquor,1300,3,"Spirits
Tobacco",78.75
THI,,,2100,,"FRENCH
LIQUOR
UNIQUE
APPLEJACK",,French/France,Featured Poster,28.5,1124.jpg,1124-180DPI.jpg,1124-300DPI.jpg,1926,1124,BRASSERIE LENGRAND - FROG,8/10/18,"FROG
STRAW
BEER
bier
classic",Liquor,2600,3,Beer,41
LEONETTO CAPPIELLO,1500,2400,2200,,"TO
ACCO
MULTIPLE

FRENCH
PRODUCTS
APPLEJACK
GIFT-SHOW
GO-Ant
SELECT. MICK",,French/France,Featured Poster,39,92.jpg,92-180DPI.jpg,92-300DPI.jpg,1922,92,CACHOU LAJAUNIE CAPPIELLO,8/10/18,"SMOKING
TOBACCO
CANDY
LOZENGE
FEATHER
WOMAN
FASHION
DRESS
POPULAR POSTER
MINTS
$5,000 & Under",Products,3800,3,Tobacco,59
SEM,350,750,600,,"TRAVEL
HORIZONTAL
FRENCH
UNIQUE
RFA 2
DAVID",,French/France,,46,1066.jpg,1066-180DPI.jpg,1066-300DPI.jpg,1930,1066,CANNES - LETTERS,8/13/18,"FLOWERS
BEACH
SOUTH 
COTE 
PROVENCE
RIVIERA 
MIMOSA
WATER 
OCEAN
ART DECO 
Home
OCEAN
MEDITERRANEAN 
GOANT
FRANCE
SUMMER",Travel,900,3,French-Travel,30.5
BONFATTI,500,1300,800,,"FR
NCH
FOOD
CHILDREN
CHOCOLATE
GIFT-SHOW
GO-Ant
MULTIPLE
CELINE",C,Italian/Italy,,39,95.jpg,95-180DPI.jpg,95-300DPI.jpg,1925,95,CARAMEL KLAUS,5/24/18,"
CHOCOLATE
CHILDREN
CANDY
GIRL
BOY
$5,000 & Under",Food,1700,3,Chocolate/Candy,59.5
ANONYMOUS,,,250,,"FRENCH
PRODUCTS
FASHION
UNIQUE",C,French/France,,26.75,100.jpg,100-180DPI.jpg,100-300DPI.jpg,1985,100,CARTIER WATCH - COUPLE,8/30/18,"WATCH
LEMPICKA
DECO
ART DECO
FUTURIST
FUTURISM
CAR
FATHER'S DAY
JEWEL
",Products,450,6,Fashion,39
LOUPOT,,,,,"FRENCH
LIQUOR
UNIQUE
ENTERTAIN
GIFT-SHOW",C,French/France,,26,4163.jpg,4163-180DPI.jpg,4163-300DPI.jpg,1990,4163,CAVES PETRISSANS,11/29/17,"wine
WOMAN
ART DECO
BEVERAGE
FLASH
$500 & UNDER
GIFTS FOR HER",Liquor,450,5,"Wine
French-Travel",40
ANDY WARHOL,150,,1000,,"PRODUCTS
FRENCH
FASHION
UNIQUE
GO-Ant
Box A
GIFT-SHOW
SELECT. JODI",,French/France,,46.5,1028.jpg,1028-180DPI.jpg,1028-300DPI.jpg,1997,1028,CHANEL - LT. PINK DK. PINK,8/30/18,"PERFUME
AMERICAN
PRODUCT
MOTHER
for-her
FRAGRANCE",Products,1250,5,"Fashion
Cosmetics/Soaps",67
ANDY WARHOL,225,,1000,,"PRODUCTS
FRENCH
FASHION
RFA 4-03
MULTIPLE
Box A
GIFT-SHOW",,French/France,,46.5,1030.jpg,1030-180DPI.jpg,1030-300DPI.jpg,1997,1030,CHANEL - TURQ GREEN,8/30/18,"PERFUME
AMERICAN 
PRODUCT
MOTHER
for-her
FRAGRANCE",Products,1250,5,"Fashion
Cosmetics/Soaps",67
LEONETTO CAPPIELLO,2500,4250,5500,,"FR
NCH
LIQUOR
UNIQUE
OVERSIZE

CATALOG ITEM
Liq
GIFT
APPLEJACK
GO-Ant
SELECT. MICK",,French/France,Featured Poster,50,127.jpg,127-180DPI.jpg,127-300DPI.jpg,1927,127,COGNAC MONNET,8/13/18,"FRENCH
OVERSIZE
WOMEN
DANCER
SUN
POPULAR POSTER
ART DECO
collect
COGNAC
For Your Better Half
For the Collector","Liquor
Featured Posters",6800,3,"Cognac
POPULAR POSTERS",78
LEONETTO CAPPIELLO,300,650,700,,"LI
UOR
FRENCH
CATALOG ITEM
APPLEJACK
GIFT-SHOW
MULTIPLE
DAVID",C,French/France,,32,1064.jpg,1064-180DPI.jpg,1064-300DPI.jpg,1920,1064,COGNAC PELLISSON SMALL,5/18/18,"FRENCH
BARREL
FATHER'S DAY
POPULAR POSTER
BLACK
COGNAC
gift show
$5,000 & Under
GIFTS FOR HIM
Father",Liquor,1200,2,"Cognac
Dance/Ballet",47.5
JEAN DYLEN,3500,6200,4700,select bloomies,"FRENCH
LIQUOR
UNIQUE
APPLEJACK
SELECT. JODI",C,French/France,Featured Poster,47,132.jpg,132-180DPI.jpg,132-300DPI.jpg,1930,132,COGNAC RICHARPAILLOUD,8/10/18,"Holiday Guide 2016
GIFTS FOR HIM
FRENCH
GAY
show-holiday
collect
Father's Day
HALLOWEEn
For the Collector
Above $5,000
For the Collector","Liquor
Featured Posters",6800,4,"Cognac
POPULAR POSTERS",63
ANONYMOUS,,,450,,"FRENCH
LIQUOR
UNIQUE",,French/France,,31.75,134.jpg,134-180DPI.jpg,134-300DPI.jpg,1945,134,COGNAC ROUYER - MEDIUM,7/12/18,"debbi
STARS
ANGEL
GLOBE
DRINK
COGNAC
flash",Liquor,900,3,,46
DOLA,500,,600,,"FR
NCH
ENTERTAIN
RFA 2
GIFT
RFA 4-03
APPLEJACK
GIFT-SHOW
GO-Ant
MULTIPLE
Box A
GING",,French/France,,32,138.jpg,138-180DPI.jpg,138-300DPI.jpg,1934,138,COMTE DE LUXEMBOURG,8/13/18,"FRENCH
LOVE
COUNT
LEHAR
OPERETTA
OPERA
valentine
romance
For Your Better Half

 
 


",Entertainment,1100,3,"music
Theater/Opera",47
BERNARD VILLEMOT,,,200,,"FRENCH
FOOD
UNIQUE",,French/France,,15.75,151.jpg,151-180DPI.jpg,151-300DPI.jpg,1980,151,CROSSE & BLACKWELL - YELLOW,8/2/18,"TOMATO SAUCE
KITCHEN
COOK
MARINARA
TOMATO
PRODUCE
ITALIAN",Food,350,5,OtherFoods,23.25
HELLEU,,,700,,"EXPOSITION
GIFT
RFA 4-03
FRENCH
ENTERTAIN
UNIQUE",,French/France,,29,177.jpg,177-180DPI.jpg,177-300DPI.jpg,1897,177,ED SAGOT,8/10/18,"FRENCH
ARTIST
EASEL
WOMAN
ART NOUVEAU
SKETCH
ILLUSTRATE 
valentineitb
GIFTS FOR HER
art exhibition
",Entertainment,1400,1,"Entertainers
Exposition",41.5
FINOT,350,500,,,"EN
ERTAIN
HORIZONTAL
FRENCH
MULTIPLE

RFA 2
GIFT
RFA 4-03
APPLEJACK
SELECTMICK2
GIFT-SHOW
ART.COM
THUMBNAILS
GO-Ant
Box A
GING",C,French/France,,46,897.jpg,897-180DPI.jpg,897-300DPI.jpg,1905,897,EUREKA LES TROUBADOURS,4/3/18,"HORIZONTAL
FRENCH
MUSIC
CLOWN
GOANT
ART NOUVEAU
CLOWNS
GUITAR 
$5,000 & Under",Entertainment,1100,2,Entertainers,30.5
HEM,700,990,900,,"PR
DUCTS
FRENCH

MULTIPLE
CATALOG ITEM
RFA 2
RFA 4-03
SELECTMICK2
GIFT-SHOW
GO-Ant
THUMBNAILS
Box A
GING
PRODUCTS
DAVID",,Swiss/Switzerland,Featured Poster,47.5,194.jpg,194-180DPI.jpg,194-300DPI.jpg,1922,194,FABRIQUES DE GENEVE,8/10/18,"PRODUCTS
WOMEN
JEWELRY
WATCH
FOR-HER 
SWISS
ART NOUVEAU
valentine
romance
love
flash
FASHION
WEDDING
MARRIAGE
$5,000 & Under
For Your Better Half","Products
Featured Posters",2200,3,"Home/Appliances
OtherProducts
POPULAR POSTERS",63
DELVAL,500,850,700,,"LI
UOR
FRENCH
HORIZONTIAL
HORIZONTAL
MULTIPLE
CATALOG ITEM
Liq
RFA 2
RFA 4-03
GIFT-SHOW
GO-Ant
DAVID",C,French/France,,63,1015.jpg,1015-180DPI.jpg,1015-300DPI.jpg,1930,1015,FAP ANIS,6/20/18,"FRENCH
HORIZONTIAL
WOMEN
FLAPPER
ART DECO
FEATHERS 
$5,000 & Under
GIFTS FOR THE HOME
top picks
HALLOWEEN
$5,000 & Under",Liquor,1400,3,Spirits,47
ANONYMOUS,600,700,,,"FR
NCH
LIQUOR
UNIQUE
RFA 2
APPLEJACK
CHOCOLATE",,French/France,,31,221.jpg,221-180DPI.jpg,221-300DPI.jpg,1932,221,FRED ZIZI,5/24/18,"FRENCH
ART DECO
APERITIF
LIQUOR 
$5,000 & Under",Liquor,1400,3,Spirits,46.5
ANONYMOUS,,,,,"FRENCH
LIQUOR
UNIQUE",C,French/France,,47,234.jpg,234-180DPI.jpg,234-300DPI.jpg,1930,234,GEISWEILER,6/26/18,"LIQUOR
GLASS
WINE
$5,000 & Under",Liquor,1500,3,,63
SATOMI,,,750,,"FR
NCH
SPORTS
UNIQUE
RFA 4-03",C,French/France,,26.5,239.jpg,239-180DPI.jpg,239-300DPI.jpg,1960,239,GOLF - SATOMI,8/10/18,"golf
SUMMER FUN
SUMMER
For Your Better Half
OUTDOORS
SPORT
FATHER'S DAY
Sun Lovers
SUMMER",Sports,1200,4,Golf,38
VILLOT,,,450,,"PRODUCTS
FRENCH
UNIQUE",C,French/France,,47,1026.jpg,1026-180DPI.jpg,1026-300DPI.jpg,1935,1026,GRAND PASTEUR,7/12/18,"MID CENTURY
FURNITURE
DECO
ART DECO
OFFICE
DECOR
FLASH
Father",Products,1200,3,Home/Appliances,63
ANONYMOUS,,,,,"SPORTS
UNIQUE",,American/America,,13.5,1038.jpg,1038-180DPI.jpg,1038-300DPI.jpg,2002,1038,THE KID STAYS IN THE PICTURE - HAND SIGNED,6/22/18,"HAND SIGNED
MOVIE
FILM
PICTURE
MOTION PICTURFATHER'S DAYE
ROBERT EVANS
FILMAKING
FILMAKER
For the Stocking
",Entertainment,75,5,Movie,20
MICH,,,900,,"FR
NCH
TRANSPORT
CYCLES
RFA 2
GIFT
RFA 4-03
UNIQUE",C,French/France,,31.5,274.jpg,274-180DPI.jpg,274-300DPI.jpg,1930,274,J.B. LOUVET BICYCLETTE,7/12/18,"FRENCH
MEN
FATHER'S DAY
BICYCLE
RACING
For-him
SPRING SPORTS
GIFTS FOR HIM
Father
For Your Better Half
graduate
",Transportation,1200,3,"cycling
Bicycles/Motorcycles",44
ANONYMOUS,,,,,"ENTERTAINMENT
FRENCH
ENTERTAIN
UNIQUE",,American/America,,25,1039.jpg,1039-180DPI.jpg,1039-300DPI.jpg,1966,1039,HI-YO SILVER! THE LONE RANGER,1/2/18,"HORSE
LONE RANGER
FATHER'S DAY
WESTERN
AMERICANA
MIDCENTURY
POP ART
COWBOY
MID CENTURY
For the Stocking
VALENTINE
RODEO",Entertainment,500,4,"Radio/TV
Equestrian",38
BAZZI,125,,,,"ITALIAN
LIQUOR
MULTIPLE
CATALOG ITEM
Liq
APPLEJACK
GIFT-SHOW
SELECT. JODI
DAVID",,Italian/Italy,,14,851.jpg,851-180DPI.jpg,851-300DPI.jpg,1923,851,JOHN HOPPS SMALL,2/22/18,"LIQUOR
FLAGS
MARSALA
wine
athlete
gay

ITALIAN",Liquor,300,3,Spirits,19
ANONYMOUS,175,,400,,"FRENCH
ENTERTAIN
MAGIC
MULTIPLE
CATALOG ITEM
RFA 2
GIFT
RFA 4-03
THUMBNAILS
GO-Ant
GIFT-SHOW
GING",C,French/France,,23,291.jpg,291-180DPI.jpg,291-300DPI.jpg,1920,291,LA BOUILLIE SOLEIL,8/10/18,"FRENCH
CARDS
gambling
gamble
GOANT
ART DECO
POKER",Entertainment,700,2,"Circus/Magic
OtherProducts",31.5
LEONETTO CAPPIELLO,1200,1900,1400,,"TO
ACCO
FRENCH
HORIZONTIAL
UNIQUE
HORIZONTAL
APPLEJACK
GO-Ant
GIFT-SHOW",C,French/France,,63,324.jpg,324-180DPI.jpg,324-300DPI.jpg,1915,324,LE NIL ELEPHANT,8/10/18,"FRENCH
HORIZONTIAL
ANIMALS
ELEPHANT
SMOKING
POPULAR POSTER
ART DECO
September Additions
FATHER'S DAY",Products,2400,2,Tobacco,47
DOLA,150,,,,"FRENCH
ENTERTAIN
MULTIPLE
CATALOG ITEM
RFA 2
GIFT
ART.COM
RFA 4-03
GO-Ant
GIFT-SHOW
SELECT. JODI",,French/France,,23.5,343.jpg,343-180DPI.jpg,343-300DPI.jpg,1926,343,LA DANSE DES LIBELLULES,7/2/18,"BUTTERFLY
FAIRY
CHILDREN
ART NOUVEAU
flash
$500 & Under
GIFTS FOR HER
opera
operetta
",Entertainment,400,3,Dance/Ballet,31.5
SOUBIE,,,,,"CINEMA
AMERICAN
UNIQUE",,American/America,,48,350.jpg,350-180DPI.jpg,350-300DPI.jpg,1963,350,LOLITA,5/31/18,"KUBRICK
NABOKOV
NYMPH
VALENTINE
For Your Better Half
MOVIE
SUMMER
",Entertainment,1100,5,Movie,63
BOUISSET,300,800,600,,"FR
NCH
FOOD
OVERSIZE
CHILDREN
MULTIPLE
COFFEE/TEA
CATALOG ITEM
CELINE
DAVID",C,French/France,Featured Poster,49,358.jpg,358-180DPI.jpg,358-300DPI.jpg,1938,358,LULU BISCUIT,5/31/18,"FRENCH
OVERSIZE
CHILDREN
COOKIE
BOYflash
vive la france
$5,000 & Under
Winter 2017 Walls
OVERSIZE
For the Holiday Host
",Food,1600,3,Cookies/Biscuits,70.5
RAVERTA,,,950,,"FRENCH
LIQUOR
UNIQUE",,Italian/Italy,,39,361.jpg,361-180DPI.jpg,361-300DPI.jpg,1939,361,LUXARDO - PEDESTAL,8/13/18,"liqueur
pedestal
water
sunset
CHERRY
YUGOSLAVIA
CROATIA
DALMATIAN COAST
MARASCHINO
MANHATTAN
SUMMER
ZARA
CORDIAL
DRINK
COCKTAIL
MIXER
APERITIF
DIGESTIF
","Liquor
Food",1300,3,"OtherFoods
Spirits",55
VIANO,150,350,350,,"FRENCH
FOOD
MULTIPLE
CATALOG ITEM
RFA 2
GIFT
RFA 4-03
GIFT-SHOW
ART.COM
GO-Ant
THUMBNAILS
GING
CELINE
BLOOM
SELECT. JODI",C,French/France,,31.25,369.jpg,369-180DPI.jpg,369-300DPI.jpg,1925,369,MANON,8/10/18,"FRENCH
WOMEN
FARM
VEGETABLE
KITCHEN
harvest
$1,000 & Under
",Food,900,3,Fruit/Vegetables,47
GAMBIER,75,,,,"SPORTS
FRENCH
MULTIPLE
RFA 2
GIFT
GO-Ant
SELECT. JODI",C,French/France,,14.5,1074.jpg,1074-180DPI.jpg,1074-300DPI.jpg,1955,1074,DIEPPE MINI GOLF,6/12/18,"golf
beach
For-him
FLASH
FATHER'S DAY
summer
SUMMER FUN
For the Stocking
SPRING SPORTS
summer kickoff
Father's Day
MID CENTURY
$500 & UNDER
GIFTS FOR HIM
TOP PICKS
april in paris
Sun Lovers",Sports,300,4,"Other-Travel
Golf",21.5
MCINDOE,250,650,800,select bloomies,"AM
RICAN
LIQUOR
FRENCH
MULTIPLE
GO-Ant
GIFT-SHOW
GING
BLOOM
DAVID
CATALOG ITEM",,French/France,Featured Poster,38,383.jpg,383-180DPI.jpg,383-300DPI.jpg,1996,383,MOET - COUPLE ,8/10/18,"DANCE
CHAMPAGNE
COUPLE
ART NOUVEAU
Home
valentine
For the Holiday Host
$5,000 & Under
top picks
GIFTS FOR THE HOME
GIFTS FOR HER
Valentines Day 2017
GIFTS FOR HIM
For Your Better Half","Liquor
Featured Posters",1600,5,"POPULAR POSTERS
Champagne",53
LEONETTO CAPPIELLO,1000,2900,2300,select bloomies,"GIFT-SHOW
SELECT. MICK",,French/France,Featured Poster,47,396.jpg,396-180DPI.jpg,396-300DPI.jpg,1938,396,MOSSANT,8/10/18,"FRENCH
PRODUCTS
FATHER'S DAY
HAT
POPULAR POSTER
GIFTS FOR THE HOME
SPRING 2017 WALLS
ART DECO
Office
FOR him
Father's Day
$5,000 & Under 
Fall Walls
GIFTS FOR HIM
Top Picks
Winter 2017 Walls","Products
Featured Posters",3800,3,"
Fashion
POPULAR POSTERS",63
BOB LEE HICKSON,150,,,,"AMERICAN
ENTERTAIN
MULTIPLE
CATALOG ITEM
RFA 4-03
ART.COM
GO-Ant
GIFT-SHOW",,American/America,,29.5,786.jpg,786-180DPI.jpg,786-300DPI.jpg,1973,786,WNEW PEGGY LEE,5/11/18,"AMERICAN
JAZZ
BLONDE
RADIO
FLASH
new york
$250 & UNDER",Entertainment,250,5,"entertainer
Entertainers
Radio/TV
Music",45.5
FIX MASSEAU,,,,,"FRENCH
HORIZONTIAL
PRODUCTS
HORIZONTAL
UNIQUE",C,French/France,,62,453.jpg,453-180DPI.jpg,453-300DPI.jpg,1955,453,PHILIPS - QUEL CHOIX ,8/11/17,"HORIZONTAL
FRIDGE
REFRIGERATOR
FREEZER
APPLIANCE
",Products,850,4,,46
DAUDE,200,300,350,,"FRENCH
ENTERTAIN
PRODUCTS
MULTIPLE
CATALOG ITEM
RFA 2
RFA 4-03
TOBACCO
GIFT-SHOW
GING
SELECT. JODI
DAVID",C,French/France,Featured Poster,46.25,4199.jpg,4199-180DPI.jpg,4199-300DPI.jpg,1975,4199,PIANOS DAUDE - REISSUE,8/10/18,"FRENCH
PRODUCTS
MUSIC
RED
KEYBOARD
graduate
PIANO
top picks
$1,000 & Under
FATHER'S DAY
GIFTS FOR THE HOME
 ","Entertainment
Featured Posters",600,4,"music
POPULAR POSTERS
Theater/Opera",61.75
JEAN DYLEN,500,790,,,"FR
NCH
TRAVEL
TRANSPORT
UNIQUE
RFA 2
GIFT
RFA 4-03",,French/France,,30,841.jpg,841-180DPI.jpg,841-300DPI.jpg,1931,841,PLOMBIERES DYLEN,5/31/18,"FRENCH
TRANSPORT
SPA 
 ART DECO

$5,000 & Under",Travel,1400,3,French-Travel,42
BONAPARTE,,,800,,"LIQUOR
UNIQUE
SPANISH
BARCODE",C,Spanish/Spain,,31,518.jpg,518-180DPI.jpg,518-300DPI.jpg,1925,518,RHUMPRAT - THE OLD JACK,8/10/18,"AFRO
AFRICAN
BLACK
TF1
jamaica
rum
rhum
jamaican
liquor
bar",Liquor,1400,4,Spirits,46.75
ANONYMOUS,,,125,,"AMERICAN
CIRCUS
MULTIPLE
RFA 2
RFA 4-03
ENTERTAIN",C,American/America,,28,524.jpg,524-180DPI.jpg,524-300DPI.jpg,1975,524,RINGLING 200 YEARS,8/13/18,"AMERICAN
CIRCUS
ELEPHANT
RED
OCT 08
JUNE 09
mckenna
$250 & Under
For the Stocking",Entertainment,250,5,Circus/Magic,40
ANONYMOUS,,,350,,"AMERICAN
PRODUCTS
UNIQUE
RFA 2",C,American/America,,27,535.jpg,535-180DPI.jpg,535-300DPI.jpg,1903,535,SATIN SKIN POWDER,8/10/18,"SOAP
cosmetic
$1,000 & Under
GIFTS FOR HER
Valentines Day 2017
Mother
For Your Better Half",Products,800,2,Cosmetics/Soaps,41
BOB LEE HICKSON,,,175,,"AMERICAN
ENTERTAIN
CATALOG ITEM
UNIQUE",,American/America,,29.5,548.jpg,548-180DPI.jpg,548-300DPI.jpg,1973,548,WNEW FRANK SINATRA,8/13/18,"AMERICAN
JAZZ
SINGER
Father
HAT
RADIO
For Your Better Half
Hind2
FATHER'S DAY
nostalgia
patterson
gift show
new york
GIFTS FOR HIM
$500 & UNDER
TOP PICKS
 
$500 & Under",Entertainment,500,5,"Entertainers
Music
Radio/TV",45.5
PERON,150,,350,,"FRENCH
PRODUCTS
MULTIPLE
EQUESTRIAN
GO-Ant
THUMBNAILS
GIFT-SHOW",,French/France,,21,754.jpg,754-180DPI.jpg,754-300DPI.jpg,1949,754,SUPROL,8/13/18,"FRENCH
WOMEN
HORSES
GOANT
for-her
ANIMAL
oil
",Products,650,3,"Cosmetics/Soaps
Equestrian",27
DANIELE BUZZI,,,600,,"FRENCH
TRAVEL
UNIQUE",,Swiss/Switzerland,,25.5,4173.jpg,4173-180DPI.jpg,4173-300DPI.jpg,1943,4173,TESSIN - BUZZI,8/13/18,"tessin
church
railing 
balcony
GRAND TOUR
blues
ticino
swiss
switzerland
SUMMER FUN
Estate Collection
SUMMER",Travel,900,3,Swiss-Travel,39.5
ANONYMOUS,200,,,,"SPANISH
LIQUOR
FASHION
MULTIPLE
CATALOG ITEM
Liq
ART.COM
GO-Ant
GIFT-SHOW
THUMBNAILS
SELECT. JODI",C,Spanish/Spain,,31,603.jpg,603-180DPI.jpg,603-300DPI.jpg,1925,603,VERMOUTH PERUCCHI,11/29/17,"SPANISH
FASHION
CHERUB
COUPLES
POPULAR POSTER
ART DECO
valentine
flash
spain
For Your Better Half",Liquor,500,3,Spirits,43
ARNOUX,300,425,375,select bloomies,"FRENCH
LIQUOR
MULTIPLE
CATALOG ITEM
Liq
RFA 2
GIFT
RFA 4-03
GIFT-SHOW
THUMBNAILS
GO-Ant
Box A
GING
DAVID",C,French/France,,31.5,611.jpg,611-180DPI.jpg,611-300DPI.jpg,1920,611,VINS DE BOURGOGNE,4/3/18,"FRENCH
MEN
BURGUNDY
FATHER'S DAY
WINE
Father's Day
$1,000 & Under
GIFTS FOR HIM",Liquor,750,2,"Wine
Fruit/Vegetables",47
CASSANDRE,,,1800,,"LIQUOR
FRENCH
UNIQUE",,French/France,Featured Poster,27.5,619.jpg,619-180DPI.jpg,619-300DPI.jpg,1984,619,WILLI'S WINE BAR CASSANDRE,4/3/18,"wine
paris
casssandre
glass
bar
paris
red
deco
willi



 
",Liquor,2500,5,Wine,39
BERNARD VILLEMOT,250,450,750,,"FRENCH
FASHION
PRODUCTS
MULTIPLE
CATALOG ITEM
RFA 2
RFA 4-03
GIFT-SHOW",,French/France,Featured Poster,47,5267.jpg,5267-180DPI.jpg,5267-300DPI.jpg,1989,5267,BALLY KICK LARGE,6/26/18,"Holiday Guide 2016
FRENCH
PRODUCTS
Mother
WOMEN
shoe
LEATHER
DOT
KICK
TOP PICKS
$5,000 & UNDER
mid century
MODERN","Products
Featured Posters",1500,5,"Fashion
POPULAR POSTERS",66
SOUBIE,,,,,"FRENCH
TRAVEL
SPORTS
UNIQUE",C,French/France,,29.75,5268.jpg,5268-180DPI.jpg,5268-300DPI.jpg,1930,5268,VICHY - SOUBIE,7/19/17,"GOLF
RESORT
balch
collect
Above $5,000
summer
GRAND TOUR
SUMMER FUN
SUMMER
plm
p.l.m.",Travel,5600,2,Golf,41
JULES CHERET,,,300,,"FRENCH
UNIQUE
PRODUCTS
ENTERTAIN",,French/France,,11.5,5279.jpg,5279-180DPI.jpg,5279-300DPI.jpg,1895,5279,MAITRES DE L'AFFICHE - PL.41 PANTOMIMES LUMINEUSES,8/13/18,"MUSEE GREVIN
THEATRE
THEATER
DANCE
MOULIN ROUGE
DANCE
CABARET
BELLE EPOQUE",Entertainment,500,1,Theater/Opera,15.5
CARL KUNST,300,600,600,,"HORIZONTAL
SKIING
AUSTRIAN
SPORTS
RFA 2
GIFT
THUMBNAILS
GO-Ant
MULTIPLE
Box A
GIFT-SHOW
DAVID",C,German/Germany,,29.5,5288.jpg,5288-180DPI.jpg,5288-300DPI.jpg,1915,5288,BILGER,8/10/18,"POLE
CROSS 
HORIZONTAL
Winter Sports
Father
CROSS 
PURPLE
AUSTRIA
SNOW
MOUNTAIN
snow
",Sports,950,3,Skiing,20
NICOLITCH,,,1600,,"OVERSIZE
ENTERTAIN
FRENCH
UNIQUE
SELECT. JODI",C,French/France,,25,5356.jpg,5356-180DPI.jpg,5356-300DPI.jpg,1920,5356,NINA VRES,4/19/17,"HEART
LOVE
 ROMANCE
FLAPPER",Entertainment,2800,3,Entertainers,76
WEIMER PURSELL,,,600,,"SPORTS
FRENCH
UNIQUE",,French/France,,25.75,5363.jpg,5363-180DPI.jpg,5363-300DPI.jpg,1955,5363,WINCHESTER - RABBIT,8/10/18,"RIFLE
BULLET
AMMUNITION
FATHER'S DAY
WESTERN
RABBIT
Father's Day
$1,000 & Under
HARE
BUNNY
GIFTS FOR HIM
HUNT
GUN
ANIMAL",Products,900,4,"OtherProducts
OtherSports",40
ANONYMOUS,,,500,,"FRENCH
SPORTS
UNIQUE",,American/America,,14,5378.jpg,5378-180DPI.jpg,5378-300DPI.jpg,1942,5378,WHAT DO YOU SAY AMERICA - ADMIRAL YAMAMOTO,4/4/18,"ADMIRAL
YAMAMOTO
recruit
homefront
japan
japanese",War/Military,700,3,WWII,20
ANONYMOUS,,,500,,"AMERICAN
HORIZONTIAL
SPORTS
UNIQUE",,American/America,,14,5379.jpg,5379-180DPI.jpg,5379-300DPI.jpg,1942,5379,WHAT DO YOU SAY AMERICA - MUSSOLINI,4/4/18,"ITALY
MUSSOLINI
recruit
homefront",War/Military,700,3,WWII,20
EYMONNET,,,750,,"SWISS
SPORTS
UNIQUE
HORIZONTAL",,BRASIL,,29.5,5381.jpg,5381-180DPI.jpg,5381-300DPI.jpg,1947,5381,PAN AIR DO BRASIL - A FROTA BANDEIRANTE,6/4/18,"PLANISPHERE
MAP
pan am
$1,000 & Under
BRAZIL
BRAZILIAN
PORTUGUESE
GIFTS FOR HIM
SOUTH AMERICA
Central & South America
TRAVEL","Transportation
Travel",950,3,"Aviation
Other-Travel
Maps/Charts",24.75
ALPHONS MUCHA,,,,,"SWISS
SPORTS
UNIQUE",,American/America,Featured Poster,12.25,5384.jpg,5384-180DPI.jpg,5384-300DPI.jpg,1920,5384,MUCHA EXHIBITION BROOKLYN MUSEUM,6/19/18,"BROOKLYN
MUSEUM
SLAV
SLAVIC
RARE",Entertainment,9999,2,Exposition,19.25
GEORGES VILLA,,,1500,,"SWISS
SPORTS
UNIQUE",C,Swiss/Switzerland,Featured Poster,30,5392.jpg,5392-180DPI.jpg,5392-300DPI.jpg,1925,5392,RAISIN  - GEORGES VILLA,8/10/18,"GRAPE
DECO
VITAMIN
$5,000 & Under
GIFTS FOR THE HOM
For the Holiday Host
VALENTINE",Food,2000,3,Fruit/Vegetables,46.75
KISSACK,,,750,select bloomies,"FRENCH
SPORTS
UNIQUE",,American/America,,24,5394.jpg,5394-180DPI.jpg,5394-300DPI.jpg,1935,5394,OMOLENE - PURINA,7/12/18,"HORSE
FEED
FEMALE
RIDE
FASHION
EQUESTRIAN
What to Get the Graduate
camping
GIFTS FOR HER
$5,000 & Under",Products,1100,3,Equestrian,37.75
ROBYS,,,3500,,"FR
NCH
HORIZONTAL
LIQUOR
OVERSIZE
UNIQUE
GIFT",,French/France,Featured Poster,72,5443.jpg,5443-180DPI.jpg,5443-300DPI.jpg,1935,5443,BITTER SECRESTAT - ROBYS,8/13/18,"FRENCH
HORIZONTAL
OVERSIZE
MEN
For-him
BAR
father
BARTENDER",Liquor,5200,2,"Men
Liqueur
Spirits",51
ANONYMOUS,,,450,,"FRENCH
LIQUOR
UNIQUE
SELECT. JODI",C,French/France,,13.75,5456.jpg,5456-180DPI.jpg,5456-300DPI.jpg,1925,5456,CHAMPAGNE ANDRE LAINE,8/10/18,"What to get the graduate
$1,000 & Under
GIFTS FOR HER
For the Holiday Host",Liquor,800,3,Champagne,19
JARVILLE,300,500,600,,"FR
NCH
LIQUOR
MULTIPLE
CATALOG ITEM
Liq
RFA 2
GIFT
RFA 4-03
APPLEJACK
GO-Ant
GIFT-SHOW
SELECTC
THUMBNAILS
Box A
GING
BLOOM
DAVID",,French/France,,47,5536.jpg,5536-180DPI.jpg,5536-300DPI.jpg,1922,5536,PRUNELLE MAN,8/13/18,"FRENCH
MEN
him
flashGRAPE
",Liquor,1200,3,Spirits,63
BERNARD VILLEMOT,175,,350,select bloomies,"FRENCH
FOOD
PRODUCTS
UNIQUE
RFA 2
GIFT
RFA 4-03",,French/France,,15.5,5537.jpg,5537-180DPI.jpg,5537-300DPI.jpg,1983,5537,PERRIER TRIO VILLEMOT,4/4/18,"FRENCH
PRODUCTS
Holiday Guide 2016
GIFTS FOR HER
GIFTS FOR THE HOME
WOMEN
MEN
COUPLES
WATER
For Your Better Half
For the Holiday Host
PARTY
SHOWGIRL
april in paris
What to Get the Graduate
$1,000 & Under",Products,650,5,Beverages,24
AVERARDO CIRIELLO,,,850,,"AMERICAN
CINEMA
UNIQUE",C,American/America,,39.5,5618.jpg,5618-180DPI.jpg,5618-300DPI.jpg,1975,5618,MISSIONE GOLDFINGER - RE RELEASE,8/13/18,"SEAN CONNERY
FLEMING
Father
FATHER'S DAY
For Your Better Half
VALENTINE
SPY
GUN
GOLD
james bond
Father's Day
MID CENTURY
GIFTS FOR HIM
Father's Day
$5,000 & Under",Entertainment,1300,4,Movie,55
ADAMI,50,,125,,"FRENCH
SPORTS
MULTIPLE
SELECTMICK2
GIFT-SHOW
SELECTC
DAVID",,French/France,,22.5,5621.jpg,5621-180DPI.jpg,5621-300DPI.jpg,1980,5621,ROLAND GARROS 1980 - ADAMI,12/27/17,"FRENCH OPEN
TENNIS
OCT 08
him
flash
FATHER'S DAY
SPRING SPORTS
$250 & UNDER
april in paris
what to get the graduate
GIFTS FOR HIM
SUMMER",Sports,250,5,Tennis,29
EMPOLI,,,800,,"ITALIAN
LIQUOR
UNIQUE",,Italian/Italy,,39,5730.jpg,5730-180DPI.jpg,5730-300DPI.jpg,1940,5730,CHIANTI CAMPANI - LARGE,8/10/18,"September Additions
wine
red wine
grapes
$5,000 & Under
ITALIAN
gnome
clown
chianti",Liquor,1700,3,"Fruit/Vegetables
Wine",55
OTTO NIELSEN,,,550,select bloomies,"SWISS
TRAVEL
UNIQUE",C,Scandinavian/Scandinavia,,24.75,5740.jpg,5740-180DPI.jpg,5740-300DPI.jpg,1955,5740,SAS - AFRICA - ZEBRAS,7/11/18,"ZEBRA
AFRICA
SAFARI
$1,000 & Under
GIFTS FOR THE HOME
On Safari
Estate Collection",Travel,900,4,"Aviation
Other-Travel",39
BOB LEE HICKSON,,,175,,"AMERICAN
ENTERTAIN
MULTIPLE
CATALOG ITEM
RFA 4-03
GO-Ant
GIFT-SHOW
GING",,American/America,,29.5,5765.jpg,5765-180DPI.jpg,5765-300DPI.jpg,1973,5765,WNEW ELLA FITZGERALD,5/11/18,"AMERICAN
AFRICA
AFRO
For Your Better Half
BLACK
GoAnt
JAZZ
RADIO
new york
$500 & UNDER
GIFTS FOR HIM",Entertainment,350,5,"Entertainers
Music
Radio/TV",45.5
BOB LEE HICKSON,,,175,,"AMERICAN
ENTERTAIN
MULTIPLE
CATALOG ITEM
RFA 4-03",,American/America,,29.5,5766.jpg,5766-180DPI.jpg,5766-300DPI.jpg,1973,5766,WNEW LOUIS ARMSTRONG,8/10/18,"AMERICAN
JAZZ
TRUMPET
AFRICAN 
Father
FATHER'S DAY
BLACK
GIFTS FOR HIM
For Your Better Half
RADIO
new york
$500 & UNDER
TOP PICKS
 
 
",Entertainment,350,5,"Entertainers
Music
Radio/TV",45.5
LEONETTO CAPPIELLO,,,,,"FR
NCH
OVERSIZE
FASHION
UNIQUE
GO-Ant",,French/France,,81,5780.jpg,,,1922,5780,BAS REVEL - 2 PANELS,3/29/16,"FRENCH
OVERSIZE
WOMEN
kaplan",Products,3000,3,"Dance/Ballet
Fashion",124
ROBYS,150,,,,DAVID,C,French/France,,47,5883.jpg,5883-180DPI.jpg,,1935,5883,GAZELLE SHOES,8/13/18,"FRENCH
FASHION
PRODUCTS
UNIQUE
abby
SHOE
flash",Products,600,3,Fashion,63
TAMAGNO,1400,2200,1700,,"FRENCH
PRODUCTS
TOBACCO
UNIQUE
GIFT-SHOW
SELECT. MICK",C,French/France,,38.5,5887.jpg,5887-180DPI.jpg,5887-300DPI.jpg,1905,5887,CACHOU LAJAUNIE TAMAGNO,8/10/18,"FRENCH
PRODUCTS
WOMEN
MEN
BREATH
LOZENGE
CIGAR
ART NOUVEAU
bestseller
$5,000 & Under",Products,3200,2,Tobacco,51.5
DAVID KLEIN,,,1700,,"AMERICAN
AVIATION
TRAVEL
UNIQUE",C,American/America,Featured Poster,25,5902.jpg,5902-180DPI.jpg,5902-300DPI.jpg,1950,5902,FLY TWA - AFRICA,8/10/18,"ZEBRA
AFRICA
geometric
black and white
SUMMER",Travel,2200,4,"Aviation
USA-Travel",40
ANONYMOUS,70,100,400,,"FRENCH
AUTOS
PRODUCTS
HORIZONTAL
TRANSPORT
MULTIPLE
CATALOG ITEM
ART.COM
GO-Ant
DAVID",,French/France,,30.5,5935.jpg,5935-180DPI.jpg,5935-300DPI.jpg,1936,5935,LANCIA VEEDOL MOTOR OIL,8/10/18,"FRENCH
PRODUCTS
FATHER'S DAY
HORIZONTAL
WOMEN
CAR
AUTO
AUTOMOBILE
OIL","Transportation
Products",600,3,"Autos/Trucks
OtherProducts",23
ANONYMOUS,,,,,"ITALIAN
HORIZONTAL
FOOD
MULTIPLE
RFA 2
RFA 4-03",C,Italian/Italy,,17,5980.jpg,5980-180DPI.jpg,5980-300DPI.jpg,1920,5980,DI COLA'S FINEST SICILY MACARONI,4/4/18,"macaroni
pasta
 sicily
medallion
award",Food,250,3,,10
LE MONNIER,150,,650,,"FRENCH
OVERSIZE
LIQUOR
MULTIPLE
Liq
GO-Ant
ART.COM",C,French/France,,62,5993.jpg,5993-180DPI.jpg,5993-300DPI.jpg,1925,5993,EXIGEZ UN PEUREUX,8/10/18,"FRENCH
OVERSIZE
MEN
LIQUOR
RED
bottle",Liquor,1600,3,Spirits,92
LEONETTO CAPPIELLO,50,,,,"MULTIPLE
FRENCH
FASHION
GIFT-SHOW
SELECT. JODI",,French/France,,4.5,6026.jpg,6026-180DPI.jpg,6026-300DPI.jpg,1920,6026,PARAPLUIE REVEL - ENGLISH SMALL,5/2/18,"POPULAR POSTER
OCT 08
him
flash
Father's Day
$250 & UNDER
TOP PICKS
Holiday Guide 2016
graduate",Products,75,3,Fashion,7
ADRIANA,,,1100,,"ITALIAN
TRAVEL
UNIQUE
SELECT. JODI",,Italian/Italy,,27,6040.jpg,6040-180DPI.jpg,6040-300DPI.jpg,1947,6040,SALSOMAGGIORE SPA ,8/10/18,"THERMAL
SPA
BATH
BATHROOM
ORANGE
relax",Travel,1800,4,Italian-Travel,39.5
AUZOLLE,500,700,1400,select bloomies,"FR
NCH
LIQUOR
CATALOG ITEM
Liq
APPLEJACK
SELECTMICK2
GO-Ant
MULTIPLE
Box A
GIFT-SHOW
GING
DAVID",C,French/France,,31,6068.jpg,6068-180DPI.jpg,6068-300DPI.jpg,1920,6068,CHAMPAGNE MASSE,8/13/18,"FRENCH
LIQUOR
CHAMPAGNE
BROWN
GOANT
$5,000 & Under
top picks
Father's Day",Liquor,1900,2,Champagne,46.5
CHAPLET,75,,,,"FRENCH
TRANSPORT
TRAVEL
NAUTICAL
HORIZONTAL
MULTIPLE
CATALOG ITEM
DAVID",,French/France,,30,6082.jpg,6082-180DPI.jpg,6082-300DPI.jpg,1950,6082,LYAUTEY,6/21/18,"FRENCH
TRAVEL
HORIZONTAL

OCT 08
JUNE 09
SHIPPING LINE
SAILBOAT
SAIL
SHIP",Transportation,200,4,Nautical/Boats,22
d'apres MARTIN,175,,300,select bloomies,"HORIZONTAL
FRENCH
LIQUOR
MULTIPLE
CATALOG ITEM
Liq
RFA 2
GIFT
RFA 4-03
GIFT-SHOW
BLOOM",C,French/France,,39,6085.jpg,6085-180DPI.jpg,6085-300DPI.jpg,1980,6085,L'ART DE BOIRE LE VIN,8/13/18,"HORIZONTAL
FRENCH
For the Holiday Host
THE ART OF DRINKING WINE
GIFTS FOR THE HOME
DECO
top picks
$1,000 & Under
Holiday Guide 2016
GIFTS FOR HIM
GIFTS FOR HER
 



",Liquor,600,4,Wine,28
ANONYMOUS,200,,,,"FRENCH
LIQUOR
MULTIPLE
CATALOG ITEM
Liq
OVERSIZE
GO-Ant
THUMBNAILS
DAVID",C,French/France,,42.5,6089.jpg,6089-180DPI.jpg,6089-300DPI.jpg,1925,6089,QUINQUINA BONNET,8/10/18,"FRENCH
MEN
waiter
flash
GIFTS FOR HIM
OVERSIZE
",Liquor,950,3,Spirits,75.5
DOUTRELIGNE,,,,,"COFFEE/TEA
FOOD
FRENCH
UNIQUE
GO-Ant",C,French/France,,46,6092.jpg,6092-180DPI.jpg,6092-300DPI.jpg,1970,6092,DEGUSTATION LIBERTE NESCAFE,6/19/17,"COFFEE
CAFE
INSTANT COFFEE
BREAKFAST
CUP SAUCER
",Food,550,5,"Coffee/Tea
Railways/Trains",66.25
ARESTEIN,50,,,,"FRENCH
SPORTS
MULTIPLE
GO-Ant
DAVID",C,French/France,,31.5,6219.jpg,6219-180DPI.jpg,6219-300DPI.jpg,1955,6219,SONORA LUTTE WRESTLING,2/10/18,"MIDCENTURY
WRESTLING
TV
TELEVISION
TECHNOLOGY
FIGHT","Sports
Entertainment",350,4,"Radio/TV
OtherSports",47.5
JEAN DYLEN,,,4800,,UNIQUE,,Belgium/,Featured Poster,44.25,6228.jpg,6228-180DPI.jpg,6228-300DPI.jpg,1923,6228,BALSAM APERITIF SKIER - D'YLEN,8/13/18,"SKI
APERITIF
Winter Sports
QUINQUINA
For the Collector
belgian
belgium
alps
leiderhosen
winter
snow
liqueur
bar
For the Collector
snow","Liquor
Sports",8800,3,"Skiing
Spirits",63
ANONYMOUS,,,,,"FRENCH
SPORTS
AUTOS
MULTIPLE
SELECT. JODI
DAVID",,French/France,,15.5,6236.jpg,6236-180DPI.jpg,6236-300DPI.jpg,1966,6236,LA FEMME ET LE SPORT,12/27/17,"OCT 08
JUNE 09

GIFTS FOR HER",Sports,175,4,"Autos/Trucks
OtherSports",23.5
FOURNERY,800,1200,1700,,"DOGS/CATS
FRENCH
FASHION
CYCLES
UNIQUE
TRANSPORT
GIFT
APPLEJACK
SPORTS",,French/France,,31.5,6272.jpg,6272-180DPI.jpg,6272-300DPI.jpg,1925,6272,DE DION BOUTON,6/25/18,"DOGS/CATS
deco
ART DECO
SUMMER
CYCLE
SPRING SPORTS","Transportation
Products",2200,3,"Bicycles/Motorcycles
Cycling
Fashion",47
JULES CHERET,2500,3300,2600,,"FRENCH
EXPOSITION
UNIQUE",,French/France,Featured Poster,34.5,6329.jpg,6329-180DPI.jpg,6329-300DPI.jpg,1900,6329,MUSEE GREVIN AVANT LA LETTRE,8/7/18,"belle epoque
ART NOUVEAU
THEATRE
PIERROT
THEATER
LANTERN
kestenbaum clown
$5,000 & Under
GIFTS FOR HER
Mother
pierrot
guitar 
moon
lantern

",Entertainment,4000,2,Theater/Opera,48.5
ANONYMOUS,50,,,,"BELGIUM
HORIZONTAL
FOOD
UNIQUE
CATALOG ITEM
DAVID",C,Belgium/,,24,6356.jpg,6356-180DPI.jpg,6356-300DPI.jpg,1990,6356,PERRIER H2ZOT,6/21/18,"BELGIUM
HORIZONTAL

 MODERN",Food,200,5,Beverages,8.5
WILLETTE,,,,,"FRENCH
COFFEE/TEA
FOOD
PRODUCTS
UNIQUE",,French/France,,11.5,6359.jpg,6359-180DPI.jpg,6359-300DPI.jpg,1895,6359,MAITRES DE L'AFFICHE - PL 43 CACAO VAN HOUTEN,6/27/18,"COCOA
DRINK
BEVERAGE
KITCHEN
DUTCH
HOLLAND","Food
Products",275,1,"Chocolate/Candy
Coffee/Tea",15.5
BEGGARSTAFF,,,,,"BRITISH
ENTERTAIN
UNIQUE
RFA 4-03
GO-Ant",,French/France,,11.5,6360.jpg,6360-180DPI.jpg,6360-300DPI.jpg,1896,6360,MAITRES DE L'AFFICHE - PL 16 HARPER'S STILL ONE SHILLING,7/17/18,"LITERARY
MAGAZINE
NEWSPAPER
JOURNAL
LITERATURE
AMERICAN
AMERICA",Entertainment,400,1,OtherEntertain,15.5
WHEELER,75,,100,,"AMERICAN
HORIZONTAL
SPORTS
OLYMPIC
MULTIPLE
CATALOG ITEM
RFA 2
GIFT
GIFT-SHOW
SELECT. JODI
DAVID",,American/America,,25.5,6439.jpg,6439-180DPI.jpg,6439-300DPI.jpg,1980,6439,LAKE PLACID 1980 FIGURE SKATER,8/13/18,"AMERICAN
HORIZONTAL
OCT 08
june 09
$250 & UNDER
snow
olympics

Winter Sports",Sports,200,5,"Skating
olympic",19
ANONYMOUS,,,,,"BRITISH
CHILDREN
HORIZONTAL
ENTERTAIN
RFA 2
GIFT
UNIQUE",C,British/English,,40,6442.jpg,6442-180DPI.jpg,6442-300DPI.jpg,1930,6442,ALADDIN PANTOMIME,7/26/17,"BRITISH
CHILDREN
HORIZONTAL
MAGIC
CELESTIAL
GENIE
SORCERER
MIDDLE EAST
FABLE
STORY
ALI BABA 
HALLOWEEN
 ",Entertainment,550,3,Circus/Magic,30
ANONYMOUS,,,160,,"AMERICAN
SPORTS
NAUTICAL
CATALOG ITEM
LIQUOR
RFA 4-03 ADS
RFA 4-03
UNIQUE",,American/America,,18,6489.jpg,6489-180DPI.jpg,6489-300DPI.jpg,1983,6489,AMERICA'S CUP 1983 MUMM CHAMPAGNE,5/2/18,"AMERICAN
SPORTS
NAUTICAL
MODERN
MUMM
SAIL
FATHER'S DAY
NEWPORT
SUMMER","Liquor
Sports",250,5,"Champagne
Nautical/Boats",24
BIMFIELD,,,,,"ITALIAN
PRODUCTS
MULTIPLE
EXPOSITION
DAVID",C,Italian/Italy,,19,6529.jpg,6529-180DPI.jpg,6529-300DPI.jpg,1990,6529,OLIVETTI NETWORK AND SYSTEM,6/21/18,"ITALIAN
PRODUCTS
computer
laptop
notebook
geek

OCT 08
JUNE 09
",Products,250,5,"Exposition
Home/Appliances",27